{
  "method": "LOSO Cross-Validation",
  "n_folds": 42,
  "aggregation": "median",
  "timestamp": "2025-12-08 18:45:45",
  "results": {
    "waveform_mae": {
      "median": 0.29287602375589344,
      "mean": 0.27523776913506054,
      "std": 0.06609031427277544,
      "min": 0.12097705153822043,
      "max": 0.39314984536667325
    },
    "rr_error_bpm": {
      "median": 0.0,
      "mean": 4.955357142857143,
      "std": 8.734715452670205,
      "min": 0.0,
      "max": 31.125
    },
    "duty_cycle_error": {
      "median": 0.09732638888888889,
      "mean": 0.19000661375661373,
      "std": 0.17411029742716685,
      "min": 0.003124999999999989,
      "max": 0.5856944444444444
    }
  }
}